﻿<?xml version="1.0" encoding="utf-8" ?>
<Recipe xmlns="http://schemas.microsoft.com/pag/gax-core" xmlns:xi="http://www.w3.org/2001/XInclude">
  <Arguments>
		<Argument Name="TextTemplateBaseDirectory">
			<ValueProvider Type="LanguageTamplatesBaseDirectory" 
										 Project="CurrentProject"
										 CSharpBaseDirectory="T4\CS\"
										 VisualBasicBaseDirectory="T4\VB\"
										 />
		</Argument>
		<Argument Name="LanguageFileExtension">
			<ValueProvider Type="LanguageFileExtension" 
									   Project="CurrentProject"
										 CSharpFileExtension="cs"
									   VisualBasicFileExtension="vb"
										 />
		</Argument>
	</Arguments>
</Recipe>