﻿<?xml version="1.0" encoding="utf-8" ?>
<Recipe xmlns="http://schemas.microsoft.com/pag/gax-core" xmlns:xi="http://www.w3.org/2001/XInclude">
	<Arguments>
		<Argument Name="EnterpriseLibraryBinariesDirectory">
			<ValueProvider Type="RegistrySearch" Key="HKEY_LOCAL_MACHINE\SOFTWARE\Microsoft\Enterprise Library" Name="Bin" />
		</Argument>
	</Arguments>
  <Actions>
		<Action Name="AddReferences" 
					Type="Microsoft.Practices.EnterpriseLibrary.BlockFactory.Actions.EnterpriseLibrary.AddReferences, Microsoft.Practices.EnterpriseLibrary.BlockFactory"
					RelativeDestinationFolder="Lib\"
					>
			<Input Name="Project" RecipeArgument="CurrentProject" />
			<Input Name="ReferenceList" RecipeArgument="EnterpriseLibraryReferences" />
			<Input Name="EnterpriseLibraryBinariesPath" RecipeArgument="EnterpriseLibraryBinariesDirectory" />
		</Action>
	</Actions>
</Recipe>