﻿<?xml version="1.0" encoding="utf-8" ?>
<Recipe Name="CreateApplicationBlock" xmlns:xi="http://www.w3.org/2001/XInclude" xmlns="http://schemas.microsoft.com/pag/gax-core" >
	<xi:include href="../Common/CommonTypeAliases.xml"
				xpointer="xmlns(gax=http://schemas.microsoft.com/pag/gax-core) xpointer(/gax:Types)" />
	<Caption>Create New Application Block</Caption>
	<Description>Creates a new Application Block </Description>
	<Arguments>
		<Argument Name="RootSolutionFolderName">
			<ValueProvider Type="Evaluator" Expression="Application Block"/>
		</Argument>
		<xi:include href="../Common/CommonSolution.xml"
								xpointer="xmlns(gax=http://schemas.microsoft.com/pag/gax-core) xpointer(gax:Recipe/gax:Arguments/gax:Argument)" />
		<Argument Name="Description">
			<ValueProvider Type="ArgumentExpressionProvider" Expression="$Name$ Application Block">
				<MonitorArgument Name="Name" />
			</ValueProvider>
		</Argument>
	</Arguments>
	<GatheringServiceData>
		<Wizard xmlns="http://schemas.microsoft.com/pag/gax-wizards" SchemaVersion="1.0">
			<Pages>
				<Page>
					<Title>Application Block</Title>
					<LinkTitle>Application Block</LinkTitle>
					<Help></Help>
					<Fields>
						<Field ValueName="Name" Label="Name" >
							<Tooltip>Specifies the name for the new Application Block. It will be used for creating default types in the projects.</Tooltip>
						</Field>
						<Field ValueName="Description" Label="Friendly Name" >
							<Tooltip>Specifies a friendly name for the new Application Block.</Tooltip>
						</Field>
						<Field ValueName="Author" Label="Author" >
							<Tooltip>Specifies the author for the new Application Block.</Tooltip>
						</Field>
						<Field ValueName="Namespace" Label="Namespace" >
							<Tooltip>Specifies the default namespace for the new Application Block.</Tooltip>
						</Field>
					</Fields>
				</Page>
			</Pages>
		</Wizard>
	</GatheringServiceData>
	<Actions>
		<xi:include href="../Common/CommonSolution.xml"
        xpointer="xmlns(gax=http://schemas.microsoft.com/pag/gax-core) xpointer(gax:Recipe/gax:Actions/gax:Action)" />
	</Actions>
</Recipe>