﻿<?xml version="1.0" encoding="utf-8" ?>
<Recipe Name="CreateProviderLibrary"  xmlns="http://schemas.microsoft.com/pag/gax-core" xmlns:xi="http://www.w3.org/2001/XInclude" >
	<xi:include href="../Common/CommonTypeAliases.xml"
							xpointer="xmlns(gax=http://schemas.microsoft.com/pag/gax-core) xpointer(/gax:Types)" />
	<Caption>Create New Provider Library</Caption>
	<Description>Creates a New Provider Library</Description>
	<Arguments>
		<Argument Name="RootSolutionFolderName">
			<ValueProvider Type="Evaluator" Expression="Provider Library"/>
		</Argument>
		<xi:include href="../Common/CommonSolution.xml"
								xpointer="xmlns(gax=http://schemas.microsoft.com/pag/gax-core) xpointer(gax:Recipe/gax:Arguments/gax:Argument)" />
		<Argument Name="Description">
			<ValueProvider Type="ArgumentExpressionProvider" Expression="$Name$ Provider Library">
				<MonitorArgument Name="Name" />
			</ValueProvider>
		</Argument>
	</Arguments>
	<GatheringServiceData>
		<Wizard xmlns="http://schemas.microsoft.com/pag/gax-wizards" SchemaVersion="1.0">
			<Pages>
				<Page>
					<Title>Provider Library</Title>
					<LinkTitle>Provider Library</LinkTitle>
					<Help></Help>
					<Fields>
						<Field ValueName="Name" Label="Name" >
							<Tooltip>Specifies the name for the new Provider Library. It will be used for creating default types in the projects.</Tooltip>
						</Field>
						<Field ValueName="Description" Label="Description" >
							<Tooltip>Specifies a description for the new Provider Library.</Tooltip>
						</Field>
						<Field ValueName="Author" Label="Author" >
							<Tooltip>Specifies the author for the new Provider Library.</Tooltip>
						</Field>
						<Field ValueName="Namespace" Label="Namespace" >
							<Tooltip>Specifies the default namespace for the new Provider Library.</Tooltip>
						</Field>
					</Fields>
				</Page>
			</Pages>
		</Wizard>
	</GatheringServiceData>
	<Actions>
		<xi:include href="../Common/CommonSolution.xml"
        xpointer="xmlns(gax=http://schemas.microsoft.com/pag/gax-core) xpointer(gax:Recipe/gax:Actions/gax:Action)" />
	</Actions>
</Recipe>