﻿<?xml version="1.0" encoding="utf-8" ?>
<Recipe Name="NewBackingStoreProvider" xmlns="http://schemas.microsoft.com/pag/gax-core" xmlns:xi="http://www.w3.org/2001/XInclude" Bound="false">
  <DocumentationLinks>
    <Link Kind="Documentation" Caption="Creating Providers" Url="ms-help://MS.VSCC.v80/MS.VSIPCC.v80/ms.EntLib.2007Apr/EnterpriseLibrary/html/10-060-Creating_Providers.htm" />
    <Link Kind="Documentation" Caption="How To: Create a Typed Provider for an Enterprise Library Application Block" Url="ms-help://MS.VSCC.v80/MS.VSIPCC.v80/ms.EntLib.2007Apr/EnterpriseLibrary/html/10-080-How_To_Create_a_Typed_Provider_for_an_Enterprise_Library_Application_Block.htm" />
    <Link Kind="NextStep" Caption="Create Design-Time Provider Node" Url="recipe://CreateDesignTimeNode" />
  </DocumentationLinks>
  <xi:include href="../Common/CommonTypeAliases.xml"
				xpointer="xmlns(gax=http://schemas.microsoft.com/pag/gax-core) xpointer(/gax:Types)" />
  <Caption>New Backing Store (Typed)</Caption>
  <Description>Creates a typed caching store provider and configuration class that extend the Caching Application Block.</Description>
  <HostData>
		<CommandBar Menu="CachingApplicationBlockProject"/>
		<CommandBar Menu="CachingApplicationBlockFolder"/>
	</HostData>
  <Arguments>
    <xi:include href="../Common/CommonProvider.xml"
        xpointer="xmlns(gax=http://schemas.microsoft.com/pag/gax-core) xpointer(gax:Recipe/gax:Arguments/gax:Argument)" />
		<Argument Name="EnterpriseLibraryReferences">
			<ValueProvider Type="Evaluator" Expression="Microsoft.Practices.EnterpriseLibrary.Common.dll,Microsoft.Practices.ObjectBuilder.dll,Microsoft.Practices.EnterpriseLibrary.Caching.dll" />
		</Argument>
	</Arguments>
  <xi:include href="../Common/CommonProvider.xml"
      xpointer="xmlns(gax=http://schemas.microsoft.com/pag/gax-core) xpointer(gax:Recipe/gax:GatheringServiceData)" />
  <Actions>
    <Action   Name="CreateProviderInfo" 
              Type="CreateProviderInfo"
              RuntimeProviderRootType="IBackingStore"
              RuntimeProviderBaseType="BaseBackingStore"
              RuntimeConfigurationBaseType="CacheStorageData"
              ProviderDataSuffix="Data"
              NamespacesRuntime="Microsoft.Practices.EnterpriseLibrary.Caching.BackingStoreImplementations"
              NamespacesConfiguration="Microsoft.Practices.EnterpriseLibrary.Caching.Configuration,Microsoft.Practices.EnterpriseLibrary.Caching"
              DefaultRuntimeImplementationTemplate="$TextTemplateBaseDirectory$DefaultImplementations\BaseBackingStore.t4"
              >
      <Input Name="Namespace" RecipeArgument="Namespace" />
      <Input Name="ExtendedNamespace" RecipeArgument="ExtendedNamespace" />
      <Input Name="ProviderName" RecipeArgument="ProviderName" />
      <Output Name="ProviderInfo" />
      <Output Name="DefaultRuntimeImplementationTemplate" />
    </Action>
    <xi:include href="../Common/CommonProvider.xml"
        xpointer="xmlns(gax=http://schemas.microsoft.com/pag/gax-core) xpointer(gax:Recipe/gax:Actions/gax:Action)" />
  </Actions>
</Recipe>
