﻿<?xml version="1.0" encoding="utf-8" ?>
<Recipe Name="NewCustomExceptionHandlerProvider" xmlns="http://schemas.microsoft.com/pag/gax-core" xmlns:xi="http://www.w3.org/2001/XInclude" Bound="false">
  <DocumentationLinks>
    <Link Kind="Documentation" Caption="Creating Providers" Url="ms-help://MS.VSCC.v80/MS.VSIPCC.v80/ms.EntLib.2007Apr/EnterpriseLibrary/html/10-060-Creating_Providers.htm" />
    <Link Kind="Documentation" Caption="How To: Create an Untyped Provider for an Enterprise Library Application Block" Url="ms-help://MS.VSCC.v80/MS.VSIPCC.v80/ms.EntLib.2007Apr/EnterpriseLibrary/html/10-100-How_To_Create_an_Untyped_Provider_for_an_Enterprise_Library_Application_Block.htm" />
    <Link Kind="NextStep" Caption="Convert Untyped Provider to Typed Provider" Url="recipe://ConvertCustomProvider" />
  </DocumentationLinks>
  <xi:include href="../Common/CommonTypeAliases.xml"
				xpointer="xmlns(gax=http://schemas.microsoft.com/pag/gax-core) xpointer(/gax:Types)" />
  <Caption>New Exception Handler (Untyped)</Caption>
  <Description>Creates an untyped (custom) exception handler that extends the Exception Handling Application Block.</Description>
  <HostData>
		<CommandBar Menu="ExceptionHandlingApplicationBlockProject"/>
		<CommandBar Menu="ExceptionHandlingApplicationBlockFolder"/>
	</HostData>
	<Arguments>
		<xi:include href="../Common/CommonProvider.xml"
				xpointer="xmlns(gax=http://schemas.microsoft.com/pag/gax-core) xpointer(gax:Recipe/gax:Arguments/gax:Argument)" />
		<Argument Name="EnterpriseLibraryReferences">
			<ValueProvider Type="Evaluator" Expression="Microsoft.Practices.EnterpriseLibrary.Common.dll,Microsoft.Practices.ObjectBuilder.dll,Microsoft.Practices.EnterpriseLibrary.ExceptionHandling.dll" />
		</Argument>
	</Arguments>
	<xi:include href="../Common/CommonProvider.xml"
      xpointer="xmlns(gax=http://schemas.microsoft.com/pag/gax-core) xpointer(gax:Recipe/gax:GatheringServiceData)" />
  <Actions>
    <Action   Name="CreateProviderInfo" 
          Type="CreateProviderInfo"
          RuntimeProviderRootType="IExceptionHandler"
          RuntimeProviderBaseType="IExceptionHandler"
          ConfigurationClassName="Microsoft.Practices.EnterpriseLibrary.ExceptionHandling.Configuration.CustomHandlerData"
          NamespacesRuntime="Microsoft.Practices.EnterpriseLibrary.ExceptionHandling,Microsoft.Practices.EnterpriseLibrary.ExceptionHandling.Configuration"
          DefaultRuntimeImplementationTemplate="$TextTemplateBaseDirectory$DefaultImplementations\ExceptionHandler.t4"
          >
      <Input Name="Namespace" RecipeArgument="Namespace" />
      <Input Name="ExtendedNamespace" RecipeArgument="ExtendedNamespace" />
      <Input Name="ProviderName" RecipeArgument="ProviderName" />
      <Output Name="ProviderInfo" />
      <Output Name="DefaultRuntimeImplementationTemplate" />
    </Action>
    <xi:include href="../Common/CommonCustomProvider.xml"
     xpointer="xmlns(gax=http://schemas.microsoft.com/pag/gax-core) xpointer(gax:Recipe/gax:Actions/gax:Action) " />
  </Actions>
</Recipe>
