﻿<?xml version="1.0" encoding="utf-8" ?>
<Recipe Name="NewTraceListenerProvider" xmlns="http://schemas.microsoft.com/pag/gax-core" xmlns:xi="http://www.w3.org/2001/XInclude" Bound="false">
  <DocumentationLinks>
    <Link Kind="Documentation" Caption="Creating Providers" Url="ms-help://MS.VSCC.v80/MS.VSIPCC.v80/ms.EntLib.2007Apr/EnterpriseLibrary/html/10-060-Creating_Providers.htm" />
    <Link Kind="Documentation" Caption="How To: Create a Typed Provider for an Enterprise Library Application Block" Url="ms-help://MS.VSCC.v80/MS.VSIPCC.v80/ms.EntLib.2007Apr/EnterpriseLibrary/html/10-080-How_To_Create_a_Typed_Provider_for_an_Enterprise_Library_Application_Block.htm" />
    <Link Kind="NextStep" Caption="Create Design-Time Provider Node" Url="recipe://CreateDesignTimeNode" />
  </DocumentationLinks>
  <xi:include href="../Common/CommonTypeAliases.xml"
				xpointer="xmlns(gax=http://schemas.microsoft.com/pag/gax-core) xpointer(/gax:Types)" />
  <Caption>New Trace Listener (Typed)</Caption>
  <Description>Creates a typed trace listener and configuration class that extend the Logging Application Block.</Description>
  <HostData>
		<CommandBar Menu="LoggingApplicationBlockProject"/>
		<CommandBar Menu="LoggingApplicationBlockFolder"/>
	</HostData>
  <Arguments>
    <xi:include href="../Common/CommonProvider.xml"
        xpointer="xmlns(gax=http://schemas.microsoft.com/pag/gax-core) xpointer(gax:Recipe/gax:Arguments/gax:Argument)" />
		<Argument Name="EnterpriseLibraryReferences">
			<ValueProvider Type="Evaluator" Expression="Microsoft.Practices.EnterpriseLibrary.Common.dll,Microsoft.Practices.ObjectBuilder.dll,Microsoft.Practices.EnterpriseLibrary.Logging.dll" />
		</Argument>
	</Arguments>
  <xi:include href="../Common/CommonProvider.xml"
      xpointer="xmlns(gax=http://schemas.microsoft.com/pag/gax-core) xpointer(gax:Recipe/gax:GatheringServiceData)" />
  <Actions>
    <Action   Name="CreateProviderInfo" 
              Type="CreateProviderInfo"
              RuntimeProviderRootType="TraceListener"
              RuntimeProviderBaseType="TraceListener"
              RuntimeConfigurationBaseType="TraceListenerData"
              ProviderDataSuffix="Data"
              NamespacesRuntime=""
              NamespacesConfiguration=""
              IncludeConfigurationTypeElement="false"
              DefaultRuntimeImplementationTemplate="$TextTemplateBaseDirectory$DefaultImplementations\TraceListener.t4"
             >
      <Input Name="Namespace" RecipeArgument="Namespace" />
      <Input Name="ExtendedNamespace" RecipeArgument="ExtendedNamespace" />
      <Input Name="ProviderName" RecipeArgument="ProviderName" />
      <Output Name="ProviderInfo" />
      <Output Name="DefaultRuntimeImplementationTemplate" />
    </Action>
		<Action Name="GenerateDefaultRuntimeImplementationContent" 
       Type="TextTemplateAction">
			<Input Name="Template" ActionOutput="CreateProviderInfo.DefaultRuntimeImplementationTemplate"/>
			<Input Name="ProviderInfo" ActionOutput="CreateProviderInfo.ProviderInfo"/>
			<Output Name="Content" />
		</Action>
		<Action Name="GenerateProviderContent" 
       Type="TextTemplateAction"
       Template="$TextTemplateBaseDirectory$Provider.t4">
			<Input Name="ProviderInfo" ActionOutput="CreateProviderInfo.ProviderInfo"/>
			<Input Name="DefaultRuntimeImplementation" ActionOutput="GenerateDefaultRuntimeImplementationContent.Content"/>
			<Output Name="Content" />
		</Action>
		<Action Name="AddProvider" 
			  Type="AddItemFromStringActionPromptingExistence" 
			  Open="true"  PromptForOverwriting="true" 
				TargetFileName="$ProviderName$.$LanguageFileExtension$"
				>
      <Input Name="Item" RecipeArgument="CurrentFolder" />
      <Input Name="Content" ActionOutput="GenerateProviderContent.Content" />
			<Input Name="Project" RecipeArgument="CurrentProject" />
			<Output Name="ProjectItem"/>
		</Action>
		<Action Name="GenerateProviderDataContent" 
       Type="TextTemplateAction"
       Template="$TextTemplateBaseDirectory$TraceListenerData.t4">
			<Input Name="ProviderInfo" ActionOutput="CreateProviderInfo.ProviderInfo"/>
			<Output Name="Content" />
		</Action>
		<Action Name="AddProviderData" 
			  Type="AddItemFromStringActionPromptingExistence" 
			  Open="true"  PromptForOverwriting="true" ItemName="Configuration"  
				TargetFileName="$ProviderName$Data.$LanguageFileExtension$">
			<Input Name="Content" ActionOutput="GenerateProviderDataContent.Content" />
			<Input Name="Project" RecipeArgument="CurrentProject" />
			<Output Name="ProjectItem"/>
		</Action>
		<xi:include href="../Common/CommonAddReferences.xml"
			xpointer="xmlns(gax=http://schemas.microsoft.com/pag/gax-core) xpointer(/gax:Recipe/gax:Actions/gax:Action)" />
		<xi:include href="../Common/CommonTodoComments.xml"
			xpointer="xmlns(gax=http://schemas.microsoft.com/pag/gax-core) xpointer(/gax:Recipe/gax:Actions/gax:Action)" />
	</Actions>
</Recipe>
